datetime,value_token,wallet
2025-08-07T23:41:23+00:00,8967516.51,0x37305b1cd40574e4c5ce33f8e8306be057fd7341
2025-08-07T23:36:11+00:00,94049593.209195,0x37305b1cd40574e4c5ce33f8e8306be057fd7341
2025-08-07T23:25:11+00:00,3197791.641342,0x37305b1cd40574e4c5ce33f8e8306be057fd7341
2025-08-07T23:24:23+00:00,121756.269248,0x37305b1cd40574e4c5ce33f8e8306be057fd7341
2025-08-07T23:24:23+00:00,100406.826902,0x37305b1cd40574e4c5ce33f8e8306be057fd7341
2025-08-07T23:23:47+00:00,399999.996,0x37305b1cd40574e4c5ce33f8e8306be057fd7341
2025-08-07T23:20:23+00:00,850243.384651,0x37305b1cd40574e4c5ce33f8e8306be057fd7341
2025-08-07T22:59:23+00:00,179998.5,0x37305b1cd40574e4c5ce33f8e8306be057fd7341
2025-08-07T22:44:59+00:00,136588.237,0x37305b1cd40574e4c5ce33f8e8306be057fd7341
2025-08-07T22:41:59+00:00,105339.290527,0x37305b1cd40574e4c5ce33f8e8306be057fd7341
2025-08-07T22:29:23+00:00,108249.540751,0x37305b1cd40574e4c5ce33f8e8306be057fd7341
2025-08-07T22:24:23+00:00,314010.5,0x37305b1cd40574e4c5ce33f8e8306be057fd7341
2025-08-07T22:15:23+00:00,245874.489582,0x37305b1cd40574e4c5ce33f8e8306be057fd7341
2025-08-07T22:15:23+00:00,100038.5,0x37305b1cd40574e4c5ce33f8e8306be057fd7341
2025-02-13T06:57:59+00:00,700000000.0,0xad354cfbaa4a8572dd6df021514a3931a8329ef5
2025-02-13T06:56:47+00:00,699999990.0,0xad354cfbaa4a8572dd6df021514a3931a8329ef5
2025-05-20T09:48:59+00:00,738348728.0,0xe1940f578743367f38d3f25c2d2d32d6636929b6
2024-12-15T12:17:47+00:00,221642372.0,0xe1940f578743367f38d3f25c2d2d32d6636929b6
2024-12-14T13:04:35+00:00,220008888.0,0xe1940f578743367f38d3f25c2d2d32d6636929b6
2024-12-13T08:26:47+00:00,220000000.0,0xe1940f578743367f38d3f25c2d2d32d6636929b6
2025-08-07T14:32:59+00:00,574746.328299,0x2d4d2a025b10c09bdbd794b4fce4f7ea8c7d7bb4
2025-08-07T14:06:23+00:00,44699537.0,0x2d4d2a025b10c09bdbd794b4fce4f7ea8c7d7bb4
2025-08-07T11:57:47+00:00,30000000.0,0x2d4d2a025b10c09bdbd794b4fce4f7ea8c7d7bb4
2025-08-07T11:50:59+00:00,30000000.0,0x2d4d2a025b10c09bdbd794b4fce4f7ea8c7d7bb4
2025-08-07T11:49:23+00:00,30000000.0,0x2d4d2a025b10c09bdbd794b4fce4f7ea8c7d7bb4
2025-08-07T11:47:59+00:00,30000000.0,0x2d4d2a025b10c09bdbd794b4fce4f7ea8c7d7bb4
2025-08-07T11:37:35+00:00,30000000.0,0x2d4d2a025b10c09bdbd794b4fce4f7ea8c7d7bb4
2025-08-07T07:54:23+00:00,30000000.0,0x2d4d2a025b10c09bdbd794b4fce4f7ea8c7d7bb4
2025-08-07T07:52:23+00:00,30000000.0,0x2d4d2a025b10c09bdbd794b4fce4f7ea8c7d7bb4
2025-08-07T07:50:23+00:00,34055817.0,0x2d4d2a025b10c09bdbd794b4fce4f7ea8c7d7bb4
2025-08-07T07:50:23+00:00,30000000.0,0x2d4d2a025b10c09bdbd794b4fce4f7ea8c7d7bb4
2025-08-06T22:49:11+00:00,27225902.0,0x2d4d2a025b10c09bdbd794b4fce4f7ea8c7d7bb4
2025-08-06T07:09:59+00:00,501000.0,0x2d4d2a025b10c09bdbd794b4fce4f7ea8c7d7bb4
2025-08-06T06:54:47+00:00,30000000.0,0x2d4d2a025b10c09bdbd794b4fce4f7ea8c7d7bb4
2025-08-06T06:52:47+00:00,30000000.0,0x2d4d2a025b10c09bdbd794b4fce4f7ea8c7d7bb4
2025-08-06T01:47:47+00:00,30554847.0,0x2d4d2a025b10c09bdbd794b4fce4f7ea8c7d7bb4
2024-12-12T10:08:59+00:00,1000000000.0,0x420ef1f25563593af5fe3f9b9d3bc56a8bd8c104
2025-08-06T10:35:11+00:00,992999899.84,0xffa69c0080582098af595156240214b742735a5e
2025-08-07T23:41:59+00:00,900000.0,0xee7ae85f2fe2239e27d9c1e23fffe168d63b4055
2025-08-07T23:40:35+00:00,120164.4,0xee7ae85f2fe2239e27d9c1e23fffe168d63b4055
2025-08-07T23:36:47+00:00,3986043.0,0xee7ae85f2fe2239e27d9c1e23fffe168d63b4055
2025-08-07T23:36:35+00:00,1099998.5,0xee7ae85f2fe2239e27d9c1e23fffe168d63b4055
2025-08-07T23:35:35+00:00,312229.8807,0xee7ae85f2fe2239e27d9c1e23fffe168d63b4055
2025-08-07T23:34:35+00:00,520383.1345,0xee7ae85f2fe2239e27d9c1e23fffe168d63b4055
2025-08-07T23:34:23+00:00,199998.5,0xee7ae85f2fe2239e27d9c1e23fffe168d63b4055
2025-08-07T23:30:47+00:00,274047.5,0xee7ae85f2fe2239e27d9c1e23fffe168d63b4055
2025-08-07T23:30:11+00:00,1000000.0,0xee7ae85f2fe2239e27d9c1e23fffe168d63b4055
2025-08-07T23:29:23+00:00,5202635.0,0xee7ae85f2fe2239e27d9c1e23fffe168d63b4055
2025-08-06T10:46:59+00:00,700000000.0,0x38aaef3782910bdd9ea3566c839788af6ff9b200
2025-08-06T10:20:23+00:00,993186168.508803,0x38aaef3782910bdd9ea3566c839788af6ff9b200
2025-08-06T08:08:47+00:00,100000000.0,0x38aaef3782910bdd9ea3566c839788af6ff9b200
2025-08-06T07:56:11+00:00,100000000.0,0x38aaef3782910bdd9ea3566c839788af6ff9b200
2025-08-06T07:48:47+00:00,10000000.0,0x38aaef3782910bdd9ea3566c839788af6ff9b200
2025-08-06T07:46:59+00:00,698990107.089702,0x38aaef3782910bdd9ea3566c839788af6ff9b200
2025-08-06T07:45:23+00:00,1000000.0,0x38aaef3782910bdd9ea3566c839788af6ff9b200
2025-08-07T23:43:35+00:00,220000.0,0x98c23e9d8f34fefb1b7bd6a91b7ff122f4e16f5c
2025-08-07T23:43:23+00:00,8967516.520692,0x98c23e9d8f34fefb1b7bd6a91b7ff122f4e16f5c
2025-08-07T23:41:47+00:00,389670.191069,0x98c23e9d8f34fefb1b7bd6a91b7ff122f4e16f5c
2025-08-07T23:38:35+00:00,1100005.0,0x98c23e9d8f34fefb1b7bd6a91b7ff122f4e16f5c
2025-08-07T23:28:23+00:00,2210734.302001,0x98c23e9d8f34fefb1b7bd6a91b7ff122f4e16f5c
2025-08-07T23:28:23+00:00,2210734.302001,0x98c23e9d8f34fefb1b7bd6a91b7ff122f4e16f5c
2025-08-07T23:22:59+00:00,298000.0,0x98c23e9d8f34fefb1b7bd6a91b7ff122f4e16f5c
2025-08-07T23:20:47+00:00,107308.0,0x98c23e9d8f34fefb1b7bd6a91b7ff122f4e16f5c
2025-08-07T23:16:23+00:00,147114.928312,0x98c23e9d8f34fefb1b7bd6a91b7ff122f4e16f5c
2025-08-07T23:08:35+00:00,370000.0,0x98c23e9d8f34fefb1b7bd6a91b7ff122f4e16f5c
2025-08-07T23:05:35+00:00,2419920.527512,0x98c23e9d8f34fefb1b7bd6a91b7ff122f4e16f5c
2025-08-07T23:05:35+00:00,2419920.527512,0x98c23e9d8f34fefb1b7bd6a91b7ff122f4e16f5c
2025-08-07T22:58:59+00:00,100023.757713,0x98c23e9d8f34fefb1b7bd6a91b7ff122f4e16f5c
2025-08-07T22:58:11+00:00,330773.444002,0x98c23e9d8f34fefb1b7bd6a91b7ff122f4e16f5c
2025-08-07T22:58:11+00:00,2194136.498176,0x98c23e9d8f34fefb1b7bd6a91b7ff122f4e16f5c
2025-08-07T22:58:11+00:00,2194136.498176,0x98c23e9d8f34fefb1b7bd6a91b7ff122f4e16f5c
2025-08-07T22:56:35+00:00,389642.035795,0x98c23e9d8f34fefb1b7bd6a91b7ff122f4e16f5c
2025-08-07T22:55:47+00:00,3725527.383418,0x98c23e9d8f34fefb1b7bd6a91b7ff122f4e16f5c
2025-08-07T22:54:47+00:00,600000.0,0x98c23e9d8f34fefb1b7bd6a91b7ff122f4e16f5c
2025-08-07T22:44:47+00:00,378992.624344,0x98c23e9d8f34fefb1b7bd6a91b7ff122f4e16f5c
2025-08-07T22:41:35+00:00,259972.796221,0x98c23e9d8f34fefb1b7bd6a91b7ff122f4e16f5c
2025-08-07T22:39:47+00:00,105339.561511,0x98c23e9d8f34fefb1b7bd6a91b7ff122f4e16f5c
2025-08-07T22:36:11+00:00,198717.805482,0x98c23e9d8f34fefb1b7bd6a91b7ff122f4e16f5c
2025-08-07T22:35:59+00:00,5378562.867423,0x98c23e9d8f34fefb1b7bd6a91b7ff122f4e16f5c
2025-08-07T22:35:59+00:00,5378562.867423,0x98c23e9d8f34fefb1b7bd6a91b7ff122f4e16f5c
2025-08-07T22:33:35+00:00,241236.758879,0x98c23e9d8f34fefb1b7bd6a91b7ff122f4e16f5c
2025-08-07T22:33:35+00:00,150000.0,0x98c23e9d8f34fefb1b7bd6a91b7ff122f4e16f5c
2025-08-07T22:32:59+00:00,899957.900986,0x98c23e9d8f34fefb1b7bd6a91b7ff122f4e16f5c
2025-08-07T22:32:35+00:00,208041.735275,0x98c23e9d8f34fefb1b7bd6a91b7ff122f4e16f5c
2025-08-07T12:08:35+00:00,441745.792335,0x22af984f13dfb5c80145e3f9ee1050ae5a5fb651
2025-08-05T20:45:23+00:00,316002.03,0x08f619716db7c6245401b543e59acac1d25cb483
2025-08-05T20:43:23+00:00,49596011.08,0x08f619716db7c6245401b543e59acac1d25cb483
2025-08-05T03:10:59+00:00,49908244.0,0x08f619716db7c6245401b543e59acac1d25cb483
2025-07-29T20:43:59+00:00,44949994.03,0x08f619716db7c6245401b543e59acac1d25cb483
2025-07-29T03:13:11+00:00,212453.0,0x08f619716db7c6245401b543e59acac1d25cb483
2025-07-22T20:45:35+00:00,2785345.34,0x08f619716db7c6245401b543e59acac1d25cb483
2025-07-22T03:15:11+00:00,26706316.0,0x08f619716db7c6245401b543e59acac1d25cb483
2025-07-15T20:45:23+00:00,1270113.5,0x08f619716db7c6245401b543e59acac1d25cb483
2025-07-15T20:43:35+00:00,736850.15,0x08f619716db7c6245401b543e59acac1d25cb483
2025-07-15T10:44:59+00:00,59384765.0,0x08f619716db7c6245401b543e59acac1d25cb483
2025-07-14T21:32:47+00:00,12266866.13,0x08f619716db7c6245401b543e59acac1d25cb483
2025-07-13T21:32:47+00:00,13629855.13,0x08f619716db7c6245401b543e59acac1d25cb483
2025-07-12T21:32:47+00:00,15144322.27,0x08f619716db7c6245401b543e59acac1d25cb483
2025-07-11T21:32:47+00:00,16827412.62,0x08f619716db7c6245401b543e59acac1d25cb483
2025-07-10T21:32:47+00:00,18701003.93,0x08f619716db7c6245401b543e59acac1d25cb483
2025-07-09T21:32:47+00:00,20816681.32,0x08f619716db7c6245401b543e59acac1d25cb483
2025-07-09T20:43:23+00:00,349092.48,0x08f619716db7c6245401b543e59acac1d25cb483
2025-07-08T21:32:47+00:00,23510846.44,0x08f619716db7c6245401b543e59acac1d25cb483
2025-07-08T20:43:23+00:00,3493804.82,0x08f619716db7c6245401b543e59acac1d25cb483
2025-07-07T21:32:47+00:00,15109678.89,0x08f619716db7c6245401b543e59acac1d25cb483
2025-07-06T21:32:47+00:00,16788585.66,0x08f619716db7c6245401b543e59acac1d25cb483
2025-07-05T21:32:47+00:00,18654519.69,0x08f619716db7c6245401b543e59acac1d25cb483
2025-07-04T21:32:47+00:00,20732600.29,0x08f619716db7c6245401b543e59acac1d25cb483
2025-07-03T21:32:47+00:00,23089784.48,0x08f619716db7c6245401b543e59acac1d25cb483
2025-07-03T20:43:11+00:00,482057.43,0x08f619716db7c6245401b543e59acac1d25cb483
2025-07-02T21:32:47+00:00,26190935.45,0x08f619716db7c6245401b543e59acac1d25cb483
2025-07-02T20:43:11+00:00,4820574.29,0x08f619716db7c6245401b543e59acac1d25cb483
2025-07-01T20:43:23+00:00,48210557.78,0x08f619716db7c6245401b543e59acac1d25cb483
2025-06-30T21:32:47+00:00,11140337.76,0x08f619716db7c6245401b543e59acac1d25cb483
2025-06-29T21:33:11+00:00,12403387.34,0x08f619716db7c6245401b543e59acac1d25cb483
2025-06-29T20:43:59+00:00,227108.41,0x08f619716db7c6245401b543e59acac1d25cb483
2025-06-28T21:33:11+00:00,14033884.16,0x08f619716db7c6245401b543e59acac1d25cb483
2025-06-28T20:43:47+00:00,2271084.13,0x08f619716db7c6245401b543e59acac1d25cb483
2025-06-27T21:33:11+00:00,18116631.44,0x08f619716db7c6245401b543e59acac1d25cb483
2025-06-27T20:43:47+00:00,22710841.26,0x08f619716db7c6245401b543e59acac1d25cb483
2025-06-17T20:43:59+00:00,21675199.17,0x08f619716db7c6245401b543e59acac1d25cb483
2025-06-11T20:43:59+00:00,50706717.45,0x08f619716db7c6245401b543e59acac1d25cb483
2025-06-10T21:30:23+00:00,25514674.4,0x08f619716db7c6245401b543e59acac1d25cb483
2025-06-10T20:44:35+00:00,54858522.0,0x08f619716db7c6245401b543e59acac1d25cb483
2025-06-13T16:39:47+00:00,449999980.0,0x01b8697695eab322a339c4bf75740db75dc9375e
2025-08-07T20:17:59+00:00,201146.5,0x40ec5b33f54e0e8a33a975908c5ba1c14e5bbbdf
2025-08-07T19:33:59+00:00,200692.5,0x40ec5b33f54e0e8a33a975908c5ba1c14e5bbbdf
2025-08-07T22:29:47+00:00,1887582.56,0xa38ee4a24886fee6f696c65a7b26ce5f42f73f68
2025-08-07T20:41:47+00:00,30000000.0,0xa38ee4a24886fee6f696c65a7b26ce5f42f73f68
2025-08-07T15:05:11+00:00,1886642.75,0xa38ee4a24886fee6f696c65a7b26ce5f42f73f68
2025-08-07T12:09:47+00:00,1885892.34,0xa38ee4a24886fee6f696c65a7b26ce5f42f73f68
2025-08-07T11:05:11+00:00,2405329.98,0xa38ee4a24886fee6f696c65a7b26ce5f42f73f68
2025-08-07T10:19:59+00:00,1858174.5,0xa38ee4a24886fee6f696c65a7b26ce5f42f73f68
2025-08-07T09:42:11+00:00,910219.5,0xa38ee4a24886fee6f696c65a7b26ce5f42f73f68
2025-08-07T09:05:11+00:00,1884024.96,0xa38ee4a24886fee6f696c65a7b26ce5f42f73f68
2025-08-07T07:54:47+00:00,1883250.81,0xa38ee4a24886fee6f696c65a7b26ce5f42f73f68
2025-08-07T07:22:59+00:00,658765.658713,0xa38ee4a24886fee6f696c65a7b26ce5f42f73f68
2025-08-07T06:34:47+00:00,1882499.08,0xa38ee4a24886fee6f696c65a7b26ce5f42f73f68
2025-08-07T04:34:47+00:00,1360406.87,0xa38ee4a24886fee6f696c65a7b26ce5f42f73f68
2025-08-07T02:34:47+00:00,1359999.98,0xa38ee4a24886fee6f696c65a7b26ce5f42f73f68
2025-08-07T01:35:47+00:00,621950.0,0xa38ee4a24886fee6f696c65a7b26ce5f42f73f68
2025-08-07T01:31:11+00:00,500067.392,0xa38ee4a24886fee6f696c65a7b26ce5f42f73f68
2025-08-06T09:40:59+00:00,500000.0,0xa38ee4a24886fee6f696c65a7b26ce5f42f73f68
2025-08-06T09:32:35+00:00,500000.0,0xa38ee4a24886fee6f696c65a7b26ce5f42f73f68
2025-08-06T09:24:11+00:00,500000.0,0xa38ee4a24886fee6f696c65a7b26ce5f42f73f68
2025-08-01T16:24:11+00:00,200000.0,0xa38ee4a24886fee6f696c65a7b26ce5f42f73f68
2025-07-31T09:23:23+00:00,905383.5,0xa38ee4a24886fee6f696c65a7b26ce5f42f73f68
2025-07-29T08:42:47+00:00,205360.0,0xa38ee4a24886fee6f696c65a7b26ce5f42f73f68
2025-07-29T08:42:23+00:00,125061.107,0xa38ee4a24886fee6f696c65a7b26ce5f42f73f68
2025-07-29T08:41:11+00:00,125051.954,0xa38ee4a24886fee6f696c65a7b26ce5f42f73f68
2025-07-29T08:40:11+00:00,125038.725,0xa38ee4a24886fee6f696c65a7b26ce5f42f73f68
2025-07-29T08:38:59+00:00,125021.451,0xa38ee4a24886fee6f696c65a7b26ce5f42f73f68
2025-07-29T08:37:35+00:00,125000.0,0xa38ee4a24886fee6f696c65a7b26ce5f42f73f68
2025-07-24T09:13:59+00:00,904733.0,0xa38ee4a24886fee6f696c65a7b26ce5f42f73f68
2025-07-23T13:49:11+00:00,204779.0,0xa38ee4a24886fee6f696c65a7b26ce5f42f73f68
2025-07-23T13:47:11+00:00,204774.0,0xa38ee4a24886fee6f696c65a7b26ce5f42f73f68
2025-07-23T13:44:35+00:00,204764.942,0xa38ee4a24886fee6f696c65a7b26ce5f42f73f68
2025-07-23T13:38:11+00:00,204749.409,0xa38ee4a24886fee6f696c65a7b26ce5f42f73f68
2025-07-22T02:54:11+00:00,193922389.004998,0xa38ee4a24886fee6f696c65a7b26ce5f42f73f68
2025-08-04T17:45:35+00:00,30000000.0,0xd54f23be482d9a58676590fca79c8e43087f92fb
2025-08-04T17:44:35+00:00,30000000.0,0xd54f23be482d9a58676590fca79c8e43087f92fb
2025-08-04T17:42:59+00:00,30000000.0,0xd54f23be482d9a58676590fca79c8e43087f92fb
2025-08-04T17:40:47+00:00,9999999.0,0xd54f23be482d9a58676590fca79c8e43087f92fb
2025-07-25T21:23:23+00:00,29999999.0,0xd54f23be482d9a58676590fca79c8e43087f92fb
2025-07-25T21:20:11+00:00,30000000.0,0xd54f23be482d9a58676590fca79c8e43087f92fb
2025-07-25T21:18:47+00:00,30000000.0,0xd54f23be482d9a58676590fca79c8e43087f92fb
2025-07-25T21:17:35+00:00,30000000.0,0xd54f23be482d9a58676590fca79c8e43087f92fb
2025-07-25T21:16:11+00:00,30000000.0,0xd54f23be482d9a58676590fca79c8e43087f92fb
2025-08-07T11:57:47+00:00,30000000.0,0x1c3b25019ed4e4876e7af7903cc3e1e23287c337
2025-08-07T11:50:59+00:00,30000000.0,0x1c3b25019ed4e4876e7af7903cc3e1e23287c337
2025-08-07T11:49:23+00:00,30000000.0,0x1c3b25019ed4e4876e7af7903cc3e1e23287c337
2025-08-07T11:47:59+00:00,30000000.0,0x1c3b25019ed4e4876e7af7903cc3e1e23287c337
2025-08-07T11:37:35+00:00,30000000.0,0x1c3b25019ed4e4876e7af7903cc3e1e23287c337
2025-08-05T20:44:47+00:00,7911026.78,0x1c3b25019ed4e4876e7af7903cc3e1e23287c337
2025-08-05T20:37:35+00:00,9994998.7,0x1c3b25019ed4e4876e7af7903cc3e1e23287c337
2025-08-05T20:34:11+00:00,9994998.48,0x1c3b25019ed4e4876e7af7903cc3e1e23287c337
2025-08-05T20:30:47+00:00,9994998.34,0x1c3b25019ed4e4876e7af7903cc3e1e23287c337
2025-08-05T20:27:23+00:00,9994998.34,0x1c3b25019ed4e4876e7af7903cc3e1e23287c337
2025-08-05T20:23:47+00:00,9994998.05,0x1c3b25019ed4e4876e7af7903cc3e1e23287c337
2025-08-05T20:20:47+00:00,9994998.13,0x1c3b25019ed4e4876e7af7903cc3e1e23287c337
2025-08-05T20:17:35+00:00,9994997.8,0x1c3b25019ed4e4876e7af7903cc3e1e23287c337
2025-08-05T20:14:11+00:00,9994997.84,0x1c3b25019ed4e4876e7af7903cc3e1e23287c337
2025-08-05T20:10:23+00:00,9994997.93,0x1c3b25019ed4e4876e7af7903cc3e1e23287c337
2025-08-05T20:06:47+00:00,9994997.69,0x1c3b25019ed4e4876e7af7903cc3e1e23287c337
2025-08-05T20:03:35+00:00,9994997.66,0x1c3b25019ed4e4876e7af7903cc3e1e23287c337
2025-08-05T20:00:35+00:00,9994997.58,0x1c3b25019ed4e4876e7af7903cc3e1e23287c337
2025-08-05T19:56:59+00:00,9994997.59,0x1c3b25019ed4e4876e7af7903cc3e1e23287c337
2025-08-05T19:55:35+00:00,30000000.0,0x1c3b25019ed4e4876e7af7903cc3e1e23287c337
2025-08-07T23:05:47+00:00,101267.95,0x3b4d794a66304f130a4db8f2551b0070dfcf5ca7
2025-08-07T23:02:35+00:00,500000.0,0x3b4d794a66304f130a4db8f2551b0070dfcf5ca7
2025-08-01T04:52:11+00:00,6000006.0,0xfdc0e49f734c0004ed6b219eb221e862b1382925
2025-08-04T15:30:23+00:00,56999989.05,0xfbe804a9a7009dac6e12307dab066a9733bcc33d
2025-08-01T14:36:11+00:00,50000000.0,0xfbe804a9a7009dac6e12307dab066a9733bcc33d
2025-07-31T19:17:47+00:00,53000000.0,0xfbe804a9a7009dac6e12307dab066a9733bcc33d
2025-07-29T14:45:47+00:00,20000000.0,0xfbe804a9a7009dac6e12307dab066a9733bcc33d
2025-07-25T14:12:35+00:00,20000000.0,0xfbe804a9a7009dac6e12307dab066a9733bcc33d
2025-08-06T12:09:11+00:00,122246.296479,0xcecfc852f8ce51d92a5a291f6999dee147bc2169
2025-08-05T12:07:47+00:00,101586.863694,0xcecfc852f8ce51d92a5a291f6999dee147bc2169
2025-05-19T02:04:11+00:00,1257134.418768,0x1312025f11c023bde54614131ee99708a7af2a56
2025-05-19T01:22:11+00:00,6126456.117702,0x1312025f11c023bde54614131ee99708a7af2a56
2025-05-19T01:12:11+00:00,4289013.513055,0x1312025f11c023bde54614131ee99708a7af2a56
2025-05-19T01:01:11+00:00,6540005.086791,0x1312025f11c023bde54614131ee99708a7af2a56
2025-05-19T00:39:11+00:00,12164074.654294,0x1312025f11c023bde54614131ee99708a7af2a56
2025-05-19T00:29:11+00:00,8167863.356275,0x1312025f11c023bde54614131ee99708a7af2a56
2025-05-19T00:19:11+00:00,9565141.873414,0x1312025f11c023bde54614131ee99708a7af2a56
2025-05-19T00:07:47+00:00,10796842.983938,0x1312025f11c023bde54614131ee99708a7af2a56
2025-05-18T23:57:11+00:00,2302248.863644,0x1312025f11c023bde54614131ee99708a7af2a56
2025-05-18T23:27:11+00:00,32850088.601438,0x1312025f11c023bde54614131ee99708a7af2a56
2025-05-18T20:41:11+00:00,21069806.052862,0x1312025f11c023bde54614131ee99708a7af2a56
2025-05-18T20:00:23+00:00,20664561.921197,0x1312025f11c023bde54614131ee99708a7af2a56
2025-05-18T18:18:11+00:00,4086736.481426,0x1312025f11c023bde54614131ee99708a7af2a56
2025-05-18T17:56:11+00:00,2015273.108207,0x1312025f11c023bde54614131ee99708a7af2a56
2025-05-18T16:23:11+00:00,6691211.43224,0x1312025f11c023bde54614131ee99708a7af2a56
2025-05-18T15:31:11+00:00,8304894.569851,0x1312025f11c023bde54614131ee99708a7af2a56
2025-05-18T14:47:11+00:00,5565267.497731,0x1312025f11c023bde54614131ee99708a7af2a56
2025-05-18T10:30:11+00:00,11543379.467167,0x1312025f11c023bde54614131ee99708a7af2a56
2025-07-19T13:56:11+00:00,16849984.026384,0x13bad169b446ddfa5f8bcaa19da246918865862c
2025-07-19T13:20:11+00:00,9272851.64034,0x13bad169b446ddfa5f8bcaa19da246918865862c
2025-07-19T13:09:11+00:00,22911168.822401,0x13bad169b446ddfa5f8bcaa19da246918865862c
2025-07-19T12:11:11+00:00,4921261.027576,0x13bad169b446ddfa5f8bcaa19da246918865862c
2025-07-19T11:25:11+00:00,6966440.073774,0x13bad169b446ddfa5f8bcaa19da246918865862c
2025-07-19T10:33:11+00:00,12114975.306758,0x13bad169b446ddfa5f8bcaa19da246918865862c
2025-07-19T10:09:11+00:00,24532814.416529,0x13bad169b446ddfa5f8bcaa19da246918865862c
2025-07-19T09:59:11+00:00,9013820.619543,0x13bad169b446ddfa5f8bcaa19da246918865862c
2025-07-19T09:47:23+00:00,4316640.868601,0x13bad169b446ddfa5f8bcaa19da246918865862c
2025-07-19T09:03:11+00:00,5191380.403694,0x13bad169b446ddfa5f8bcaa19da246918865862c
2025-07-19T08:32:11+00:00,3846010.916504,0x13bad169b446ddfa5f8bcaa19da246918865862c
2025-07-19T08:10:11+00:00,2309664.021586,0x13bad169b446ddfa5f8bcaa19da246918865862c
2025-07-18T21:04:11+00:00,34800000.0,0x13bad169b446ddfa5f8bcaa19da246918865862c
2025-07-18T21:04:11+00:00,16952987.85631,0x13bad169b446ddfa5f8bcaa19da246918865862c
2025-07-25T04:33:11+00:00,11642445.753953,0x214691b86970758b37eacde8b60cd43288c05c08
2025-07-25T04:19:11+00:00,19415829.386571,0x214691b86970758b37eacde8b60cd43288c05c08
2025-07-25T03:53:11+00:00,3941754.477928,0x214691b86970758b37eacde8b60cd43288c05c08
2025-07-25T03:42:11+00:00,9600945.263379,0x214691b86970758b37eacde8b60cd43288c05c08
2025-07-25T03:30:11+00:00,21486322.575713,0x214691b86970758b37eacde8b60cd43288c05c08
2025-07-25T02:12:59+00:00,1647493.549832,0x214691b86970758b37eacde8b60cd43288c05c08
2025-07-19T20:17:11+00:00,8296351.999134,0x214691b86970758b37eacde8b60cd43288c05c08
2025-07-19T19:57:11+00:00,11733132.169872,0x214691b86970758b37eacde8b60cd43288c05c08
2025-07-19T17:05:11+00:00,2483499.141808,0x214691b86970758b37eacde8b60cd43288c05c08
2025-07-19T16:42:11+00:00,13978762.956399,0x214691b86970758b37eacde8b60cd43288c05c08
2025-07-19T16:12:11+00:00,9995581.396605,0x214691b86970758b37eacde8b60cd43288c05c08
2025-07-19T15:19:11+00:00,7022683.31932,0x214691b86970758b37eacde8b60cd43288c05c08
2025-07-19T14:49:11+00:00,2913686.850912,0x214691b86970758b37eacde8b60cd43288c05c08
2025-07-19T14:49:11+00:00,34800000.0,0x214691b86970758b37eacde8b60cd43288c05c08
2025-07-19T14:18:11+00:00,9977474.258387,0x214691b86970758b37eacde8b60cd43288c05c08
2025-07-19T13:56:11+00:00,5064036.900187,0x214691b86970758b37eacde8b60cd43288c05c08
2025-07-18T21:04:11+00:00,12258925.329071,0x27b0b9d6adaa6e39efdce32b33706a8a124c480b
2025-07-18T21:04:11+00:00,34800000.0,0x27b0b9d6adaa6e39efdce32b33706a8a124c480b
2025-07-18T21:04:11+00:00,34800000.0,0x27b0b9d6adaa6e39efdce32b33706a8a124c480b
2025-07-18T21:04:11+00:00,34800000.0,0x27b0b9d6adaa6e39efdce32b33706a8a124c480b
2025-07-18T18:23:11+00:00,34800000.0,0x27b0b9d6adaa6e39efdce32b33706a8a124c480b
2025-07-18T18:23:11+00:00,22541074.670929,0x27b0b9d6adaa6e39efdce32b33706a8a124c480b
2025-08-05T18:24:59+00:00,34800000.0,0x29f9b8b63a2809db8bf8f790849058027c747882
2025-08-05T18:24:59+00:00,34800000.0,0x29f9b8b63a2809db8bf8f790849058027c747882
2025-08-05T18:24:59+00:00,7668775.694121,0x29f9b8b63a2809db8bf8f790849058027c747882
2025-08-05T17:57:11+00:00,12905363.652083,0x29f9b8b63a2809db8bf8f790849058027c747882
2025-08-05T12:36:11+00:00,11442829.832276,0x29f9b8b63a2809db8bf8f790849058027c747882
2025-08-05T12:22:11+00:00,16572824.38118,0x29f9b8b63a2809db8bf8f790849058027c747882
2025-08-05T04:08:11+00:00,2131166.437637,0x29f9b8b63a2809db8bf8f790849058027c747882
2025-08-05T03:55:11+00:00,5004651.472725,0x29f9b8b63a2809db8bf8f790849058027c747882
2025-08-05T02:30:11+00:00,2155650.660888,0x29f9b8b63a2809db8bf8f790849058027c747882
2025-08-05T00:59:11+00:00,1403852.529903,0x29f9b8b63a2809db8bf8f790849058027c747882
2025-08-04T20:50:11+00:00,34800000.0,0x29f9b8b63a2809db8bf8f790849058027c747882
2025-08-04T20:50:11+00:00,10314885.339187,0x29f9b8b63a2809db8bf8f790849058027c747882
2025-07-11T18:25:59+00:00,11602477.313236,0x2f2ab6df945cfe1a10239c2cab126ff703db2f20
2025-07-11T18:13:59+00:00,34800000.0,0x2f2ab6df945cfe1a10239c2cab126ff703db2f20
2025-07-11T18:13:59+00:00,4070941.874152,0x2f2ab6df945cfe1a10239c2cab126ff703db2f20
2025-07-11T18:13:59+00:00,34800000.0,0x2f2ab6df945cfe1a10239c2cab126ff703db2f20
2025-07-11T18:13:59+00:00,34800000.0,0x2f2ab6df945cfe1a10239c2cab126ff703db2f20
2025-07-11T17:39:11+00:00,33626659.086046,0x2f2ab6df945cfe1a10239c2cab126ff703db2f20
2025-07-11T14:00:47+00:00,10515772.705294,0x2f2ab6df945cfe1a10239c2cab126ff703db2f20
2025-07-11T13:48:11+00:00,9784149.021272,0x2f2ab6df945cfe1a10239c2cab126ff703db2f20
2025-05-16T21:53:11+00:00,5396615.715212,0x649da31f4fa9984b9e0e5245f3a1259620ad1000
2025-05-16T21:33:11+00:00,2960526.54261,0x649da31f4fa9984b9e0e5245f3a1259620ad1000
2025-05-16T20:51:59+00:00,6685775.563069,0x649da31f4fa9984b9e0e5245f3a1259620ad1000
2025-05-16T20:08:11+00:00,4068862.686405,0x649da31f4fa9984b9e0e5245f3a1259620ad1000
2025-05-16T19:46:11+00:00,3473877.379207,0x649da31f4fa9984b9e0e5245f3a1259620ad1000
2025-05-16T19:36:11+00:00,10242110.073067,0x649da31f4fa9984b9e0e5245f3a1259620ad1000
2025-05-16T18:33:11+00:00,3893377.054436,0x649da31f4fa9984b9e0e5245f3a1259620ad1000
2025-05-16T18:23:11+00:00,7714628.393807,0x649da31f4fa9984b9e0e5245f3a1259620ad1000
2025-05-16T18:12:59+00:00,6519232.823149,0x649da31f4fa9984b9e0e5245f3a1259620ad1000
2025-05-16T18:01:11+00:00,32302895.249067,0x649da31f4fa9984b9e0e5245f3a1259620ad1000
2025-05-16T16:47:11+00:00,34800000.0,0x649da31f4fa9984b9e0e5245f3a1259620ad1000
2025-05-16T16:47:11+00:00,25738173.324907,0x649da31f4fa9984b9e0e5245f3a1259620ad1000
2025-05-16T16:25:11+00:00,9639247.655576,0x649da31f4fa9984b9e0e5245f3a1259620ad1000
2025-05-16T16:03:11+00:00,12120362.855481,0x649da31f4fa9984b9e0e5245f3a1259620ad1000
2025-05-16T15:53:11+00:00,8444314.684007,0x649da31f4fa9984b9e0e5245f3a1259620ad1000
2025-08-01T11:14:11+00:00,19825234.62933,0x6afd4add826dd8b5e80f2108bf72b03b009e1e6a
2025-08-01T11:01:11+00:00,10642234.755513,0x6afd4add826dd8b5e80f2108bf72b03b009e1e6a
2025-08-01T10:49:11+00:00,5400046.821431,0x6afd4add826dd8b5e80f2108bf72b03b009e1e6a
2025-08-01T10:37:11+00:00,2581625.945437,0x6afd4add826dd8b5e80f2108bf72b03b009e1e6a
2025-07-28T14:04:47+00:00,11027076.132587,0x6afd4add826dd8b5e80f2108bf72b03b009e1e6a
2025-07-28T13:50:11+00:00,5227913.54932,0x6afd4add826dd8b5e80f2108bf72b03b009e1e6a
2025-07-28T12:46:11+00:00,11238410.852217,0x6afd4add826dd8b5e80f2108bf72b03b009e1e6a
2025-07-28T12:33:11+00:00,11519443.323025,0x6afd4add826dd8b5e80f2108bf72b03b009e1e6a
2025-07-28T12:19:11+00:00,6963368.046967,0x6afd4add826dd8b5e80f2108bf72b03b009e1e6a
2025-07-28T11:52:59+00:00,5849118.547191,0x6afd4add826dd8b5e80f2108bf72b03b009e1e6a
2025-07-28T11:41:11+00:00,21285377.942193,0x6afd4add826dd8b5e80f2108bf72b03b009e1e6a
2025-07-28T11:25:59+00:00,9966423.821256,0x6afd4add826dd8b5e80f2108bf72b03b009e1e6a
2025-07-28T11:02:11+00:00,6119908.922961,0x6afd4add826dd8b5e80f2108bf72b03b009e1e6a
2025-07-28T10:36:59+00:00,3968618.915128,0x6afd4add826dd8b5e80f2108bf72b03b009e1e6a
2025-07-28T10:27:11+00:00,29026994.304331,0x6afd4add826dd8b5e80f2108bf72b03b009e1e6a
2025-07-25T04:33:11+00:00,13358203.491113,0x6afd4add826dd8b5e80f2108bf72b03b009e1e6a
2025-05-21T17:32:11+00:00,7525706.58501,0x70dd2d584d090a5f765f901a7af72d4112b64fa4
2025-05-21T17:32:11+00:00,34800000.0,0x70dd2d584d090a5f765f901a7af72d4112b64fa4
2025-05-21T17:32:11+00:00,34800000.0,0x70dd2d584d090a5f765f901a7af72d4112b64fa4
2025-05-19T17:45:11+00:00,9340593.715503,0x70dd2d584d090a5f765f901a7af72d4112b64fa4
2025-05-19T17:33:59+00:00,3797685.922415,0x70dd2d584d090a5f765f901a7af72d4112b64fa4
2025-05-19T17:22:47+00:00,8227850.054015,0x70dd2d584d090a5f765f901a7af72d4112b64fa4
2025-05-19T17:00:23+00:00,34800000.0,0x70dd2d584d090a5f765f901a7af72d4112b64fa4
2025-05-19T17:00:23+00:00,11755679.587104,0x70dd2d584d090a5f765f901a7af72d4112b64fa4
2025-05-19T16:48:11+00:00,8369651.247998,0x70dd2d584d090a5f765f901a7af72d4112b64fa4
2025-05-19T16:38:11+00:00,20582832.887955,0x70dd2d584d090a5f765f901a7af72d4112b64fa4
2025-05-21T17:32:11+00:00,34800000.0,0x94a10586cd1b325b42459397b8f030a92b9b5c67
2025-05-21T17:32:11+00:00,34800000.0,0x94a10586cd1b325b42459397b8f030a92b9b5c67
2025-05-21T17:32:11+00:00,34800000.0,0x94a10586cd1b325b42459397b8f030a92b9b5c67
2025-05-21T17:32:11+00:00,34800000.0,0x94a10586cd1b325b42459397b8f030a92b9b5c67
2025-05-21T17:32:11+00:00,34800000.0,0x94a10586cd1b325b42459397b8f030a92b9b5c67
2025-06-11T15:05:11+00:00,12778012.681483,0x964d431c07c40934cd3fbc289cc4efce73e717f3
2025-06-11T13:33:23+00:00,9771444.672237,0x964d431c07c40934cd3fbc289cc4efce73e717f3
2025-05-30T18:19:11+00:00,31964638.386718,0x964d431c07c40934cd3fbc289cc4efce73e717f3
2025-05-30T17:58:11+00:00,21227915.068919,0x964d431c07c40934cd3fbc289cc4efce73e717f3
2025-05-30T17:48:11+00:00,6355290.41842,0x964d431c07c40934cd3fbc289cc4efce73e717f3
2025-05-30T17:38:11+00:00,4995025.146205,0x964d431c07c40934cd3fbc289cc4efce73e717f3
2025-05-30T17:27:11+00:00,3622130.352912,0x964d431c07c40934cd3fbc289cc4efce73e717f3
2025-05-30T17:17:11+00:00,14767590.512352,0x964d431c07c40934cd3fbc289cc4efce73e717f3
2025-05-30T17:07:11+00:00,19057823.028126,0x964d431c07c40934cd3fbc289cc4efce73e717f3
2025-05-30T16:56:11+00:00,2556815.229093,0x964d431c07c40934cd3fbc289cc4efce73e717f3
2025-05-30T15:35:11+00:00,13086633.922676,0x964d431c07c40934cd3fbc289cc4efce73e717f3
2025-05-30T15:25:11+00:00,8752143.112019,0x964d431c07c40934cd3fbc289cc4efce73e717f3
2025-05-23T19:08:11+00:00,25064537.46884,0x964d431c07c40934cd3fbc289cc4efce73e717f3
2025-05-21T17:32:47+00:00,34800000.0,0xa2e03fd2cee92f648b3381dcfc16bfc47f5c7c10
2025-05-21T17:32:11+00:00,34800000.0,0xa2e03fd2cee92f648b3381dcfc16bfc47f5c7c10
2025-05-21T17:32:11+00:00,34800000.0,0xa2e03fd2cee92f648b3381dcfc16bfc47f5c7c10
2025-05-21T17:32:11+00:00,34800000.0,0xa2e03fd2cee92f648b3381dcfc16bfc47f5c7c10
2025-05-21T17:32:11+00:00,34800000.0,0xa2e03fd2cee92f648b3381dcfc16bfc47f5c7c10
2025-06-12T20:14:11+00:00,34800000.0,0xa63763f7e9fe29b05ba8d5342d28e3bcb2970f55
2025-06-12T20:14:11+00:00,20353695.612048,0xa63763f7e9fe29b05ba8d5342d28e3bcb2970f55
2025-06-12T19:42:11+00:00,3252182.852209,0xa63763f7e9fe29b05ba8d5342d28e3bcb2970f55
2025-06-12T19:31:11+00:00,27412032.046515,0xa63763f7e9fe29b05ba8d5342d28e3bcb2970f55
2025-06-12T19:20:11+00:00,2957408.545042,0xa63763f7e9fe29b05ba8d5342d28e3bcb2970f55
2025-06-12T18:36:59+00:00,7590062.524683,0xa63763f7e9fe29b05ba8d5342d28e3bcb2970f55
2025-06-12T18:27:11+00:00,4698226.148676,0xa63763f7e9fe29b05ba8d5342d28e3bcb2970f55
2025-06-12T17:44:11+00:00,11301699.144821,0xa63763f7e9fe29b05ba8d5342d28e3bcb2970f55
2025-06-12T17:32:59+00:00,3594243.525515,0xa63763f7e9fe29b05ba8d5342d28e3bcb2970f55
2025-06-12T16:57:11+00:00,7103598.547061,0xa63763f7e9fe29b05ba8d5342d28e3bcb2970f55
2025-06-12T15:48:59+00:00,9289299.681553,0xa63763f7e9fe29b05ba8d5342d28e3bcb2970f55
2025-06-12T15:18:11+00:00,3955324.191455,0xa63763f7e9fe29b05ba8d5342d28e3bcb2970f55
2025-06-12T14:46:11+00:00,34075256.992232,0xa63763f7e9fe29b05ba8d5342d28e3bcb2970f55
2025-06-11T18:57:11+00:00,3616970.18819,0xa63763f7e9fe29b05ba8d5342d28e3bcb2970f55
2025-06-11T18:57:11+00:00,4333555.312606,0xbcc7052d5f62f2992bfe9d62467ddeac54eb3e2d
2025-06-11T17:42:11+00:00,7506319.163447,0xbcc7052d5f62f2992bfe9d62467ddeac54eb3e2d
2025-06-11T17:14:11+00:00,34618568.753427,0xbcc7052d5f62f2992bfe9d62467ddeac54eb3e2d
2025-06-11T16:43:11+00:00,17309873.769107,0xbcc7052d5f62f2992bfe9d62467ddeac54eb3e2d
2025-06-11T16:22:11+00:00,20122238.013019,0xbcc7052d5f62f2992bfe9d62467ddeac54eb3e2d
2025-06-11T16:10:11+00:00,4228094.377486,0xbcc7052d5f62f2992bfe9d62467ddeac54eb3e2d
2025-06-11T15:58:23+00:00,4403442.591041,0xbcc7052d5f62f2992bfe9d62467ddeac54eb3e2d
2025-06-11T15:48:11+00:00,3538928.011492,0xbcc7052d5f62f2992bfe9d62467ddeac54eb3e2d
2025-06-11T15:15:11+00:00,18783473.415952,0xbcc7052d5f62f2992bfe9d62467ddeac54eb3e2d
2025-06-11T15:15:11+00:00,34800000.0,0xbcc7052d5f62f2992bfe9d62467ddeac54eb3e2d
2025-06-11T15:05:11+00:00,24355506.592423,0xbcc7052d5f62f2992bfe9d62467ddeac54eb3e2d
2025-05-23T19:08:11+00:00,34800000.0,0xbdf02a737d241c95eb32cb53cb568609d0a115f9
2025-05-23T19:08:11+00:00,34800000.0,0xbdf02a737d241c95eb32cb53cb568609d0a115f9
2025-05-23T19:08:11+00:00,34800000.0,0xbdf02a737d241c95eb32cb53cb568609d0a115f9
2025-05-23T19:08:11+00:00,34800000.0,0xbdf02a737d241c95eb32cb53cb568609d0a115f9
2025-05-23T19:08:11+00:00,21685493.509356,0xbdf02a737d241c95eb32cb53cb568609d0a115f9
2025-05-22T13:32:59+00:00,10146184.845642,0xbdf02a737d241c95eb32cb53cb568609d0a115f9
2025-05-22T09:57:11+00:00,2968321.645002,0xbdf02a737d241c95eb32cb53cb568609d0a115f9
2025-08-04T20:50:11+00:00,33583060.401117,0xbe864892946269d38c10a922b054191fbf546492
2025-08-04T20:50:11+00:00,34800000.0,0xbe864892946269d38c10a922b054191fbf546492
2025-08-04T20:38:11+00:00,17526820.599031,0xbe864892946269d38c10a922b054191fbf546492
2025-08-04T19:13:11+00:00,8908942.629499,0xbe864892946269d38c10a922b054191fbf546492
2025-08-04T19:00:11+00:00,2289439.366458,0xbe864892946269d38c10a922b054191fbf546492
2025-08-04T16:34:11+00:00,34800000.0,0xbe864892946269d38c10a922b054191fbf546492
2025-08-04T16:34:11+00:00,28387053.15619,0xbe864892946269d38c10a922b054191fbf546492
2025-08-01T12:16:11+00:00,3342381.704099,0xbe864892946269d38c10a922b054191fbf546492
2025-08-01T11:38:11+00:00,5906323.305637,0xbe864892946269d38c10a922b054191fbf546492
2025-08-01T11:26:11+00:00,2213892.039532,0xbe864892946269d38c10a922b054191fbf546492
2025-08-01T11:14:11+00:00,2242086.798437,0xbe864892946269d38c10a922b054191fbf546492
2025-08-05T18:51:11+00:00,14462066.919069,0xc0cdd23b5224f37ae3ef2ea87a979bf35bc6fbc6
2025-08-05T18:51:11+00:00,34800000.0,0xc0cdd23b5224f37ae3ef2ea87a979bf35bc6fbc6
2025-08-05T18:38:11+00:00,32477482.929805,0xc0cdd23b5224f37ae3ef2ea87a979bf35bc6fbc6
2025-08-05T18:38:11+00:00,34800000.0,0xc0cdd23b5224f37ae3ef2ea87a979bf35bc6fbc6
2025-08-05T18:38:11+00:00,34800000.0,0xc0cdd23b5224f37ae3ef2ea87a979bf35bc6fbc6
2025-08-05T18:24:59+00:00,22660450.151126,0xc0cdd23b5224f37ae3ef2ea87a979bf35bc6fbc6
2025-05-21T17:32:47+00:00,34800000.0,0xcb7c7c73d1ae0dd7e1c9bc76826fa4314411643d
2025-05-21T17:32:47+00:00,34800000.0,0xcb7c7c73d1ae0dd7e1c9bc76826fa4314411643d
2025-05-21T17:32:47+00:00,34800000.0,0xcb7c7c73d1ae0dd7e1c9bc76826fa4314411643d
2025-05-21T17:32:11+00:00,34800000.0,0xcb7c7c73d1ae0dd7e1c9bc76826fa4314411643d
2025-05-21T17:32:11+00:00,34800000.0,0xcb7c7c73d1ae0dd7e1c9bc76826fa4314411643d
2025-07-11T18:37:23+00:00,27615228.617954,0xd0f0615f7b0ea1209d62bf49674e2f9af1e74711
2025-07-11T18:37:23+00:00,34800000.0,0xd0f0615f7b0ea1209d62bf49674e2f9af1e74711
2025-07-11T18:37:23+00:00,34800000.0,0xd0f0615f7b0ea1209d62bf49674e2f9af1e74711
2025-07-11T18:25:59+00:00,34800000.0,0xd0f0615f7b0ea1209d62bf49674e2f9af1e74711
2025-07-11T18:25:59+00:00,34800000.0,0xd0f0615f7b0ea1209d62bf49674e2f9af1e74711
2025-07-11T18:25:59+00:00,7184771.382046,0xd0f0615f7b0ea1209d62bf49674e2f9af1e74711
2025-07-18T18:23:11+00:00,34800000.0,0xd1c3a8e47d6d8ecd5915438757f1aeebbc6faf56
2025-07-18T18:23:11+00:00,34800000.0,0xd1c3a8e47d6d8ecd5915438757f1aeebbc6faf56
2025-07-18T18:23:11+00:00,7235117.503677,0xd1c3a8e47d6d8ecd5915438757f1aeebbc6faf56
2025-07-18T17:28:11+00:00,7729452.622347,0xd1c3a8e47d6d8ecd5915438757f1aeebbc6faf56
2025-07-18T17:17:11+00:00,4070350.333888,0xd1c3a8e47d6d8ecd5915438757f1aeebbc6faf56
2025-07-18T16:45:11+00:00,7208429.729442,0xd1c3a8e47d6d8ecd5915438757f1aeebbc6faf56
2025-07-18T15:49:11+00:00,34800000.0,0xd1c3a8e47d6d8ecd5915438757f1aeebbc6faf56
2025-07-18T15:49:11+00:00,8556649.810646,0xd1c3a8e47d6d8ecd5915438757f1aeebbc6faf56
2025-07-18T15:49:11+00:00,34800000.0,0xd1c3a8e47d6d8ecd5915438757f1aeebbc6faf56
2025-05-22T09:57:11+00:00,3806717.775301,0xdeacca9cd0007afffc8b164e791a0e47ff1dacb2
2025-05-22T09:47:59+00:00,3351067.452486,0xdeacca9cd0007afffc8b164e791a0e47ff1dacb2
2025-05-22T09:15:11+00:00,4861103.151364,0xdeacca9cd0007afffc8b164e791a0e47ff1dacb2
2025-05-22T09:06:11+00:00,7773077.302851,0xdeacca9cd0007afffc8b164e791a0e47ff1dacb2
2025-05-22T08:55:11+00:00,12085788.386778,0xdeacca9cd0007afffc8b164e791a0e47ff1dacb2
2025-05-22T08:44:11+00:00,5694129.601983,0xdeacca9cd0007afffc8b164e791a0e47ff1dacb2
2025-05-22T04:06:11+00:00,6145508.151482,0xdeacca9cd0007afffc8b164e791a0e47ff1dacb2
2025-05-22T03:55:11+00:00,2029548.181748,0xdeacca9cd0007afffc8b164e791a0e47ff1dacb2
2025-05-21T20:03:11+00:00,2341908.835901,0xdeacca9cd0007afffc8b164e791a0e47ff1dacb2
2025-05-21T19:51:23+00:00,5028934.903789,0xdeacca9cd0007afffc8b164e791a0e47ff1dacb2
2025-05-21T19:07:11+00:00,34800000.0,0xdeacca9cd0007afffc8b164e791a0e47ff1dacb2
2025-05-21T19:07:11+00:00,3115665.013842,0xdeacca9cd0007afffc8b164e791a0e47ff1dacb2
2025-05-21T18:26:11+00:00,16558229.568922,0xdeacca9cd0007afffc8b164e791a0e47ff1dacb2
2025-05-21T18:15:11+00:00,5664689.068285,0xdeacca9cd0007afffc8b164e791a0e47ff1dacb2
2025-05-21T17:32:47+00:00,34800000.0,0xdeacca9cd0007afffc8b164e791a0e47ff1dacb2
2025-05-21T17:32:47+00:00,25943632.605268,0xdeacca9cd0007afffc8b164e791a0e47ff1dacb2
2025-05-18T10:30:11+00:00,14285950.919908,0xdfdd20f9542d70bc7aaac24979b79933a5a19034
2025-05-18T07:05:11+00:00,2771808.812589,0xdfdd20f9542d70bc7aaac24979b79933a5a19034
2025-05-18T06:13:11+00:00,2125653.37265,0xdfdd20f9542d70bc7aaac24979b79933a5a19034
2025-05-18T05:11:11+00:00,4701322.019352,0xdfdd20f9542d70bc7aaac24979b79933a5a19034
2025-05-17T23:59:11+00:00,3537469.980601,0xdfdd20f9542d70bc7aaac24979b79933a5a19034
2025-05-17T13:54:11+00:00,5262182.384593,0xdfdd20f9542d70bc7aaac24979b79933a5a19034
2025-05-17T12:52:11+00:00,25784146.687729,0xdfdd20f9542d70bc7aaac24979b79933a5a19034
2025-05-17T09:59:11+00:00,7704853.673175,0xdfdd20f9542d70bc7aaac24979b79933a5a19034
2025-05-17T08:48:11+00:00,19833543.515525,0xdfdd20f9542d70bc7aaac24979b79933a5a19034
2025-05-17T04:28:11+00:00,3716481.784989,0xdfdd20f9542d70bc7aaac24979b79933a5a19034
2025-05-17T03:32:59+00:00,23331048.414975,0xdfdd20f9542d70bc7aaac24979b79933a5a19034
2025-05-16T23:18:11+00:00,20708507.245741,0xdfdd20f9542d70bc7aaac24979b79933a5a19034
2025-05-16T22:13:59+00:00,2774362.161469,0xdfdd20f9542d70bc7aaac24979b79933a5a19034
2025-05-16T22:03:11+00:00,10083953.144711,0xdfdd20f9542d70bc7aaac24979b79933a5a19034
2025-05-16T21:53:11+00:00,27378715.881993,0xdfdd20f9542d70bc7aaac24979b79933a5a19034
2025-05-19T16:03:11+00:00,4074590.353634,0xef309b77e8b7d9d21bad86fcd1ceb46bd05b4707
2025-05-19T15:52:59+00:00,3710096.078087,0xef309b77e8b7d9d21bad86fcd1ceb46bd05b4707
2025-05-19T14:59:11+00:00,18998459.823384,0xef309b77e8b7d9d21bad86fcd1ceb46bd05b4707
2025-05-19T14:01:11+00:00,8664943.510642,0xef309b77e8b7d9d21bad86fcd1ceb46bd05b4707
2025-05-19T13:27:11+00:00,21748830.76939,0xef309b77e8b7d9d21bad86fcd1ceb46bd05b4707
2025-05-19T13:06:11+00:00,21695553.258968,0xef309b77e8b7d9d21bad86fcd1ceb46bd05b4707
2025-05-19T12:54:11+00:00,2295743.069827,0xef309b77e8b7d9d21bad86fcd1ceb46bd05b4707
2025-05-19T12:32:11+00:00,4987180.93408,0xef309b77e8b7d9d21bad86fcd1ceb46bd05b4707
2025-05-19T12:22:11+00:00,5638307.503844,0xef309b77e8b7d9d21bad86fcd1ceb46bd05b4707
2025-05-19T11:50:11+00:00,7063103.094985,0xef309b77e8b7d9d21bad86fcd1ceb46bd05b4707
2025-05-19T11:29:11+00:00,3211489.777788,0xef309b77e8b7d9d21bad86fcd1ceb46bd05b4707
2025-05-19T11:09:11+00:00,6364784.833015,0xef309b77e8b7d9d21bad86fcd1ceb46bd05b4707
2025-05-19T10:58:11+00:00,3615800.406908,0xef309b77e8b7d9d21bad86fcd1ceb46bd05b4707
2025-05-19T10:35:11+00:00,3815154.541973,0xef309b77e8b7d9d21bad86fcd1ceb46bd05b4707
2025-05-19T10:23:11+00:00,3638565.724761,0xef309b77e8b7d9d21bad86fcd1ceb46bd05b4707
2025-05-19T10:13:11+00:00,3207936.557609,0xef309b77e8b7d9d21bad86fcd1ceb46bd05b4707
2025-05-19T09:19:11+00:00,8296417.493457,0xef309b77e8b7d9d21bad86fcd1ceb46bd05b4707
2025-05-19T09:00:11+00:00,2070565.745812,0xef309b77e8b7d9d21bad86fcd1ceb46bd05b4707
2025-05-19T06:11:47+00:00,5997949.706306,0xef309b77e8b7d9d21bad86fcd1ceb46bd05b4707
2025-05-19T05:27:11+00:00,2283431.235259,0xef309b77e8b7d9d21bad86fcd1ceb46bd05b4707
2025-05-19T04:33:11+00:00,6497139.586491,0xef309b77e8b7d9d21bad86fcd1ceb46bd05b4707
2025-05-19T04:00:11+00:00,4510012.934246,0xef309b77e8b7d9d21bad86fcd1ceb46bd05b4707
2025-05-19T03:50:11+00:00,4913109.621494,0xef309b77e8b7d9d21bad86fcd1ceb46bd05b4707
2025-05-19T03:39:11+00:00,12320220.864811,0xef309b77e8b7d9d21bad86fcd1ceb46bd05b4707
2025-05-19T02:04:11+00:00,4380612.573229,0xef309b77e8b7d9d21bad86fcd1ceb46bd05b4707
2025-05-16T15:53:11+00:00,5047398.016532,0xef4094374b6e25f3734eaa19b772a3dc7306bde6
2025-05-16T15:33:11+00:00,11550627.553827,0xef4094374b6e25f3734eaa19b772a3dc7306bde6
2025-05-16T15:22:11+00:00,6439753.236971,0xef4094374b6e25f3734eaa19b772a3dc7306bde6
2025-05-16T15:12:11+00:00,3803491.841347,0xef4094374b6e25f3734eaa19b772a3dc7306bde6
2025-05-16T14:51:11+00:00,4633786.135994,0xef4094374b6e25f3734eaa19b772a3dc7306bde6
2025-05-16T13:58:11+00:00,34800000.0,0xef4094374b6e25f3734eaa19b772a3dc7306bde6
2025-05-16T13:58:11+00:00,7924977.628832,0xef4094374b6e25f3734eaa19b772a3dc7306bde6
2025-05-16T13:47:11+00:00,13268001.079138,0xef4094374b6e25f3734eaa19b772a3dc7306bde6
2025-05-15T11:58:11+00:00,11564987.085693,0xef4094374b6e25f3734eaa19b772a3dc7306bde6
2025-05-15T11:58:11+00:00,34800000.0,0xef4094374b6e25f3734eaa19b772a3dc7306bde6
2025-05-15T11:58:11+00:00,34800000.0,0xef4094374b6e25f3734eaa19b772a3dc7306bde6
2025-05-12T13:54:23+00:00,5366977.421666,0xef4094374b6e25f3734eaa19b772a3dc7306bde6
2025-07-18T15:37:47+00:00,30678122.768733,0x0765343834805e965dc142ecb0880c4e41a9d0a9
2025-07-18T15:37:47+00:00,34800000.0,0x0765343834805e965dc142ecb0880c4e41a9d0a9
2025-07-18T15:37:11+00:00,34800000.0,0x0765343834805e965dc142ecb0880c4e41a9d0a9
2025-07-15T08:20:11+00:00,13188593.79978,0x0765343834805e965dc142ecb0880c4e41a9d0a9
2025-07-15T03:37:11+00:00,2697522.863151,0x0765343834805e965dc142ecb0880c4e41a9d0a9
2025-07-15T03:27:11+00:00,13702161.604292,0x0765343834805e965dc142ecb0880c4e41a9d0a9
2025-07-15T03:15:59+00:00,6766110.092605,0x0765343834805e965dc142ecb0880c4e41a9d0a9
2025-07-11T18:37:23+00:00,34800000.0,0x0765343834805e965dc142ecb0880c4e41a9d0a9
2025-07-11T18:37:23+00:00,2291364.744749,0x0765343834805e965dc142ecb0880c4e41a9d0a9
2025-07-11T13:36:11+00:00,17878624.185913,0x9be1366ca143b1d017e9a535aceb4361970244c2
2025-07-11T13:05:59+00:00,24159532.894825,0x9be1366ca143b1d017e9a535aceb4361970244c2
2025-07-11T12:17:59+00:00,9859860.117272,0x9be1366ca143b1d017e9a535aceb4361970244c2
2025-07-11T12:06:11+00:00,20817783.350513,0x9be1366ca143b1d017e9a535aceb4361970244c2
2025-07-11T11:54:59+00:00,8004288.468568,0x9be1366ca143b1d017e9a535aceb4361970244c2
2025-07-11T11:43:47+00:00,9299287.439019,0x9be1366ca143b1d017e9a535aceb4361970244c2
2025-07-11T09:43:11+00:00,26899944.422017,0x9be1366ca143b1d017e9a535aceb4361970244c2
2025-06-13T20:06:11+00:00,26312660.917749,0x9be1366ca143b1d017e9a535aceb4361970244c2
2025-06-12T20:26:23+00:00,27180946.958112,0x9be1366ca143b1d017e9a535aceb4361970244c2
2025-06-12T20:14:11+00:00,2767226.053507,0x9be1366ca143b1d017e9a535aceb4361970244c2
2025-08-07T23:24:11+00:00,2297564.1275,0x260b364fe0d3d37e6fd3cda0fa50926a06c54cea
2025-08-07T23:16:23+00:00,299995.0,0x260b364fe0d3d37e6fd3cda0fa50926a06c54cea
2025-08-07T23:14:11+00:00,5000000.0,0x260b364fe0d3d37e6fd3cda0fa50926a06c54cea
2025-08-07T23:07:11+00:00,297158.1039,0x260b364fe0d3d37e6fd3cda0fa50926a06c54cea
2025-08-07T23:03:59+00:00,902015.924249,0x260b364fe0d3d37e6fd3cda0fa50926a06c54cea
2025-08-07T22:48:59+00:00,190145.98,0x260b364fe0d3d37e6fd3cda0fa50926a06c54cea
2025-08-07T22:41:59+00:00,1514261.857637,0x260b364fe0d3d37e6fd3cda0fa50926a06c54cea
2025-08-07T22:31:59+00:00,597913.0,0x260b364fe0d3d37e6fd3cda0fa50926a06c54cea
2025-08-07T22:29:11+00:00,1708712.8577,0x260b364fe0d3d37e6fd3cda0fa50926a06c54cea
2025-08-07T22:28:35+00:00,1887582.56,0x260b364fe0d3d37e6fd3cda0fa50926a06c54cea
2025-08-07T14:42:11+00:00,193600.0,0x59a0f98345f54bab245a043488ece7fcecd7b596
2025-08-07T14:41:47+00:00,187360.0,0x59a0f98345f54bab245a043488ece7fcecd7b596
2025-08-07T13:07:59+00:00,582000.0,0x59a0f98345f54bab245a043488ece7fcecd7b596
2025-08-06T18:01:11+00:00,283200.0,0x59a0f98345f54bab245a043488ece7fcecd7b596
2025-08-06T15:15:59+00:00,282906.0,0x59a0f98345f54bab245a043488ece7fcecd7b596
2025-08-06T01:28:11+00:00,190600.0,0x59a0f98345f54bab245a043488ece7fcecd7b596
2025-08-05T16:34:59+00:00,573000.0,0x59a0f98345f54bab245a043488ece7fcecd7b596
2025-08-04T21:36:23+00:00,293661.0,0x59a0f98345f54bab245a043488ece7fcecd7b596
2025-08-04T18:27:35+00:00,489700.0,0x59a0f98345f54bab245a043488ece7fcecd7b596
2025-08-01T15:52:23+00:00,487100.0,0x59a0f98345f54bab245a043488ece7fcecd7b596
2025-08-01T15:12:59+00:00,292680.0,0x59a0f98345f54bab245a043488ece7fcecd7b596
2025-08-01T15:06:47+00:00,317520.0,0x59a0f98345f54bab245a043488ece7fcecd7b596
2025-07-31T20:34:23+00:00,325200.0,0x59a0f98345f54bab245a043488ece7fcecd7b596
2025-07-31T16:01:23+00:00,325062.0,0x59a0f98345f54bab245a043488ece7fcecd7b596
2025-07-30T12:39:47+00:00,960447.0,0x59a0f98345f54bab245a043488ece7fcecd7b596
2025-07-29T11:49:23+00:00,1122650.0,0x59a0f98345f54bab245a043488ece7fcecd7b596
2025-07-28T17:28:35+00:00,1214149.5,0x59a0f98345f54bab245a043488ece7fcecd7b596
2025-07-25T15:57:59+00:00,394450.0,0x59a0f98345f54bab245a043488ece7fcecd7b596
2025-07-25T15:35:59+00:00,222800.0,0x59a0f98345f54bab245a043488ece7fcecd7b596
2025-07-25T14:54:11+00:00,723868.5,0x59a0f98345f54bab245a043488ece7fcecd7b596
2025-07-25T06:13:23+00:00,225600.0,0x59a0f98345f54bab245a043488ece7fcecd7b596
2025-07-24T14:36:59+00:00,681060.0,0x59a0f98345f54bab245a043488ece7fcecd7b596
2025-07-24T13:55:23+00:00,257200.0,0x59a0f98345f54bab245a043488ece7fcecd7b596
2025-07-24T13:55:11+00:00,389100.0,0x59a0f98345f54bab245a043488ece7fcecd7b596
2025-07-24T02:14:23+00:00,392700.0,0x59a0f98345f54bab245a043488ece7fcecd7b596
2025-07-23T15:57:11+00:00,388950.0,0x59a0f98345f54bab245a043488ece7fcecd7b596
2025-07-23T12:15:59+00:00,416850.0,0x59a0f98345f54bab245a043488ece7fcecd7b596
2025-07-22T18:14:11+00:00,771450.0,0x59a0f98345f54bab245a043488ece7fcecd7b596
2025-07-22T15:25:59+00:00,412160.0,0x59a0f98345f54bab245a043488ece7fcecd7b596
2025-07-22T15:25:35+00:00,432250.0,0x59a0f98345f54bab245a043488ece7fcecd7b596
2025-07-22T15:24:59+00:00,250900.0,0x59a0f98345f54bab245a043488ece7fcecd7b596
2025-07-21T20:27:11+00:00,431550.0,0x59a0f98345f54bab245a043488ece7fcecd7b596
2025-07-21T16:53:35+00:00,245216.0,0x59a0f98345f54bab245a043488ece7fcecd7b596
2025-07-21T10:59:11+00:00,23000000.0,0x59a0f98345f54bab245a043488ece7fcecd7b596
2025-07-21T10:59:11+00:00,2000000.0,0x59a0f98345f54bab245a043488ece7fcecd7b596
2025-07-18T21:25:59+00:00,403900.0,0x59a0f98345f54bab245a043488ece7fcecd7b596
2025-07-18T17:09:11+00:00,347802.0,0x59a0f98345f54bab245a043488ece7fcecd7b596
2025-07-18T09:16:23+00:00,445200.0,0x59a0f98345f54bab245a043488ece7fcecd7b596
2025-07-18T09:13:59+00:00,333450.0,0x59a0f98345f54bab245a043488ece7fcecd7b596
2025-07-17T17:33:35+00:00,324198.0,0x59a0f98345f54bab245a043488ece7fcecd7b596
2025-07-17T16:55:35+00:00,334650.0,0x59a0f98345f54bab245a043488ece7fcecd7b596
2025-07-17T09:29:11+00:00,321600.0,0x59a0f98345f54bab245a043488ece7fcecd7b596
2025-07-16T19:42:23+00:00,322800.0,0x59a0f98345f54bab245a043488ece7fcecd7b596
2025-07-16T13:39:23+00:00,301500.0,0x59a0f98345f54bab245a043488ece7fcecd7b596
2025-07-15T19:33:11+00:00,604563.0,0x59a0f98345f54bab245a043488ece7fcecd7b596
2025-07-14T07:43:35+00:00,328350.0,0x59a0f98345f54bab245a043488ece7fcecd7b596
2025-07-14T07:43:35+00:00,328950.0,0x59a0f98345f54bab245a043488ece7fcecd7b596
2025-07-11T16:32:23+00:00,327900.0,0x59a0f98345f54bab245a043488ece7fcecd7b596
2025-07-10T13:51:23+00:00,184920.0,0x59a0f98345f54bab245a043488ece7fcecd7b596
2025-07-10T13:50:59+00:00,174060.0,0x59a0f98345f54bab245a043488ece7fcecd7b596
2025-07-10T13:40:35+00:00,557544.0,0x59a0f98345f54bab245a043488ece7fcecd7b596
2025-08-07T23:39:59+00:00,1195584.0,0xbbbbbbbbbb9cc5e90e3b3af64bdaf62c37eeffcb
2025-08-07T23:30:11+00:00,218016.524399,0xbbbbbbbbbb9cc5e90e3b3af64bdaf62c37eeffcb
2025-08-07T23:26:47+00:00,138154.753963,0xbbbbbbbbbb9cc5e90e3b3af64bdaf62c37eeffcb
